<HacknetExtension>
  <!-- 首先设置您的语言!
  列表为当前支持的语言:
  英语 : en-us
  德语 : de-de
  法语 : fr-be
  俄语 : ru-ru
  西班牙语 : es-ar
  韩语 : ko-kr
  日语 : ja-jp
  中文, 简体 : zh-cn
  -->
  <Language>zh-cn</Language>
  
  <!-- 最大名称长度为128个字符 -->
	<Name>填你的扩展名称</Name>
	<AllowSaves>true</AllowSaves>
  
  <!-- 以逗号分隔的注释列表，以可见开头-->
  <StartingVisibleNodes>advExamplePC</StartingVisibleNodes>
  
  <!-- 玩家一开始就加入的任务（如果有的话） -->
  <StartingMission>Missions/Intro/IntroMission1.xml</StartingMission>

  <!-- 创建新存档后立即加载的教程
这对于设置程序很有用，比如给玩家程序，给他们分配一个派系等等。
如果您不需要，请将其设置为“NONE”，或者只删除标记。-->
  <StartingActions>Actions/StartingActions.xml</StartingActions>

  <!-- 出现在Hacknet中的描述 -->
  <Description> ---扩展引言---
这个扩展示例将教授构建黑客网络扩展的基础知识。
描述可以是多行的，所以我们已经在学习了！</Description>
  
  <!-- 这个扩展涉及的组织！您可以定义任意多个或任意少个 -->
  <Faction>Factions/ExampleFaction.xml</Faction>
  <Faction>Factions/IntroFaction.xml</Faction>
   
  <StartsWithTutorial>False</StartsWithTutorial>
  
  <!-- 这使得扩展以标准的重新启动启动序列启动 -->
  <HasIntroStartup>true</HasIntroStartup>
  
  <StartingTheme>Themes/ExampleTheme.xml</StartingTheme>
  <!-- 
  所有主题的名字:
  TerminalOnlyBlack, HacknetBlue, HacknetTeal, HacknetYellow, HackerGreen, HacknetWhite, HacknetPurple, HacknetMint
  -->
  
  <!-- 您可以在这里引用原始游戏中的歌曲，或者按路径引用自己的.ogg文件。
要引用原始歌曲，请在文件中使用它们的名称！您不需要路径，只需要文件名。这适用于这些文件夹中的任何歌曲：
内容/音乐
内容/DLC/音乐
要播放自己的歌曲，请在扩展名中使用该歌曲的路径。
例如，尝试将下面的歌曲名称改为“music/chemical-burns.ogg”-它将从新的保存开始！ -->
  <IntroStartupSong>The_Quickening</IntroStartupSong>

  <!-- 扩展序列器指南字段。
当运行extensionsequencer.exe时，只有在播放器中定义了标志时，它才能激活。
启动时需要序列标志。如果运行，它将加载到ActionToRunOnSequencerStart（在序列器启动时运行的操作？）中的条件操作文件中。
在SequencersPinuptime秒过去后，播放机将自动发现并连接到
计算机序列目标ID。这里定义的操作在按下按钮后立即运行，而不是在完成旋转后立即运行！
这样，您就可以在加载时进行设置，如果需要，可以提前半秒开始转换等。
记住在你定义的歌曲简介中延迟任何相关的动作！
在这种情况下，我让主题开关等延迟10.5秒，以说明定序器的启动时间。-->
  <SequencerTargetID>advExamplePC</SequencerTargetID>
  <SequencerSpinUpTime>10.5</SequencerSpinUpTime>
  <SequencerFlagRequiredForStart>testFlag</SequencerFlagRequiredForStart>
  <ActionsToRunOnSequencerStart>Actions/ThemeSwapActions.xml</ActionsToRunOnSequencerStart>
  
  
  <!-- Steam 创意工坊 领域(?fields) -->
  <!-- 
  public string WorkshopDescription;
        public string WorkshopLanguage;
        public byte WorhsopVisibility = 2;
        public string WorkshopTags;
        public string WorkshopPreviewImagePath;
  --> <!--  本段无需翻译  --> 
  <WorkshopDescription>这是将出现在Steam创意工坊和任何其他mod平台中的扩展说明。最多8000个字符。
你可以用普通换行符来代替等等。</WorkshopDescription>

  <!-- 设置语言. -->
  <WorkshopLanguage>Chinese</WorkshopLanguage>

  <!-- 在创意工坊上设置此项的可见性
  0 = public 公开
  1 = friends only 朋友可见
  2 = private (self only) 依自己可见 -->
  <WorkshopVisibility>2</WorkshopVisibility>

  <!-- 以逗号分隔的标签列表，应在车间中列出。当前未将此作为唯一类别使用
hacknet中的Steam创意工坊项目是“扩展”，所以现在就这样吧。.-->
  <WorkshopTags>Extension</WorkshopTags>

  <!-- 到Steam Workshop上用于扩展的预览图像的路径。
这必须在您的mod文件夹中，是1x1（平方）长宽比和小于1MB的大小。
我建议您提供符合该标准的最高分辨率，
尽管Steam可能会使用512x512以下的版本，并会自动调整大小。
如果您愿意，这可能与提供的logo.png有所不同，因为它不会透明地以Steam为背景。
支持的格式为.png、.jpg和.gif
  -->
  <WorkshopPreviewImagePath>WorkshopLogo.png</WorkshopPreviewImagePath>

  <!-- 这是创意工坊发布ID。第一次将扩展发布到Steam时，将自动用Steam分配的ID填充该扩展。
发生这种情况时，请确保您保留该版本的文件并将ID存储在某个地方-如果没有它，您将无法将更新推送到扩展名中，
如果它被删除，发布到研讨会将作为新条目提交，并且您将丢失所有订户。小心！
除非您已经知道以前提交的发布ID，否则不要手动修改此项。只有当显示“NONE”时才会生成新的ID。-->
  <WorkshopPublishID>NONE</WorkshopPublishID>
  
</HacknetExtension>