<ConditionalActions>

  <!-- 这是一个循环的例子，当此程序触发后，它将会重置自己，以便于下一次的触发.当它加载后，它会永久改变程序的运作方式.
  当玩家连接到一台指定的电脑时，玩家的主题会自动改变，当玩家断开连接时，玩家的主题将会自动恢复为原来的主题.-->
  
  <OnConnect target="advExamplePC" needsMissionComplete="false">
    <SwitchToTheme ThemePathOrName="Themes/YuriTheme.xml" FlickerInDuration="-1.0" />
    <LaunchHackScript Filepath="HackerScripts/TrapHack.txt" SourceComp="advExamplePC" TargetComp="playerComp" RequireLogsOnSource="false" RequireSourceIntact="false"/>
  </OnConnect>

  
  <OnDisconnect target="advExamplePC">
    
    <SwitchToTheme ThemePathOrName="Themes/ExampleTheme.xml" FlickerInDuration="-1.0" />
    <!-- 下面是十分重要的一行代码，它的意义为重置这个文件，以便于下一次的触发. -->
    <AddConditionalActions Filepath="Actions/LoopingOnConnectAction.xml" />
    
  </OnDisconnect>
  
</ConditionalActions>