<ConditionalActions>
  
  <!-- 下面这些分组是在触发明亮之前所需要满足的条件，当玩家连接到下列命令中ID的PC时（意思是连接到下面标注的PC），将会运行这一段指令.
  你可以选择在命令执行之前是否需要完成当前所接受的任务或者是在执行前是否先提交已经完成的任务
    -->
  <OnConnect target="advExamplePC" needsMissionComplete="true" requiredFlags="decypher">
    <!-- 你可以将此命令中想要说的任何东西写在这里，当命令运行时就会显示出来，就像下面这样-->
    <AddIRCMessage Author="DependableSkeleton" TargetComp="advExamplePC" Delay="2.1">Hey, you're back, having just completed your mission.</AddIRCMessage>
    
  </OnConnect>

  <!-- 当玩家在必需的标志中拥有逗号分隔列表中的*all*标志时触发 -->
  <HasFlags requiredFlags="decypher,otherFlag">
    <!--这里是行动-->
    <AddIRCMessage Author="DependableSkeleton" TargetComp="advExamplePC" Delay="0.1">has some flags!</AddIRCMessage>
  </HasFlags>

  <!-- 一旦玩家取得了管理员权限，就会触发这玩意儿 -->
  <OnAdminGained target="advExamplePC">
    <!--这里都是行动-->
    <AddIRCMessage Author="DependableSkeleton" TargetComp="advExamplePC" Delay="2.1">Wow, nice! You got admin on the example server.</AddIRCMessage>
  </OnAdminGained>

  <!-- 这个指令是立即触发的，触发之后运行的命令按照他们在文件中的排列顺序触发-->
  <Instantly>
    <!--这里也是行动-->
    <AddIRCMessage Author="DependableSkeleton" TargetComp="advExamplePC" Delay="0.1">First!</AddIRCMessage>
  </Instantly>

  <Instantly needsMissionComplete="true">
    <!--你也可以在即时动作中设置任务完成标志,就是说一旦任务完成就会触发（也许吧）-->
    <AddIRCMessage Author="DependableSkeleton" TargetComp="advExamplePC" Delay="0.3">Second, if mission complete!</AddIRCMessage>
  </Instantly>

  <!-- 如果列表中没有任何东西,就会触发 -->
  <DoesNotHaveFlags Flags="SomeFlag,MoreFlags">
    <!--这里还是行动-->
    <AddIRCMessage Author="DependableSkeleton" TargetComp="advExamplePC" Delay="0.1">doesn't have some other flags!</AddIRCMessage>
  </DoesNotHaveFlags>

  <!-- 当玩家断开连接或者玩家连接到他们的PC的时候就会触发
       你可以不写上目标PC的ID(或将其设置为“NONE”)，那么当玩家一断开连接就会触发这个指令-->  
  <OnDisconnect target="advExamplePC">
    <!--这里TMD还是行动-->
    <AddIRCMessage Author="DependableSkeleton" TargetComp="advExamplePC" Delay="0.1">Disconnected!</AddIRCMessage>
  </OnDisconnect>

</ConditionalActions>